id,nombre,primer_apell,segundo_apell,correo,telefono,direccion,usuario,contraseña,id_distrito,id_cargo,id_equipo_mark,cod_area,id_tipo_genero
10001,Randolf,Blade,Abdy,rabdy0@indiatimes.com,904659512,70169 Sutteridge Park,rabdy0,xT5JlmO,10,GCM,,CM,M
10002,Carmelle,Blucher,Manns,cmanns1@uol.com.br,926445183,91328 Eagle Crest Road,cmanns1,xA3uU0=,14,GVT,,VT,F
10003,Sammy,Bonefant,Reston,sreston2@ocn.ne.jp,953495867,8 Union Street,sreston2,yI8*@,15,GDT,,DT,F
10004,Trudey,Probets,Sollon,tsollon3@rediff.com,962270370,86498 Blue Bill Park Alley,tsollon3,sQ26jph,16,GFZ,,FZ,F
10005,Jaquelyn,Britch,Mumm,jmumm4@wordpress.com,956411675,98 Thierer Alley,jmumm4,cR2<Z,13,GAM,,AM,F
10006,Dew,Duro,Lukasik,dlukasik5@aboutads.info,959098035,1787 Glacier Hill Trail,dlukasik5,yA8F%U=2J,14,GCR,,CRM,M
10007,Donielle,McCaffery,Knotton,dknotton6@hhs.gov,950221626,9126 Rusk Court,dknotton6,yL8$E,4,GCM,,CM,F
10008,Gaultiero,Barta,Entwhistle,gentwhistle7@photobucket.com,988514545,3 Bluestem Center,gentwhistle7,qY0@Llq,14,GVT,,VT,M
10009,Dolorita,Niset,Mattam,dmattam8@fema.gov,930838780,59 Banding Center,dmattam8,bC1clR8z`,7,GDT,,DT,F
10010,Granger,Simoni,Malyan,gmalyan9@jimdo.com,965507278,155 Macpherson Junction,gmalyan9,iR4BZ,10,GFZ,,FZ,M
10011,Sally,Moran,Palphramand,spalphramanda@skype.com,965625590,1343 8th Alley,spalphramanda,jA06d$,8,GAM,,AM,F
10012,Aeriell,Skinn,Hollington,ahollingtonb@bizjournals.com,940993911,752 Oriole Plaza,ahollingtonb,fT9(A6,17,GCR,,CRM,F
10013,Joyous,Gimber,Antrobus,jantrobusc@sphinn.com,992543478,6013 Manufacturers Drive,jantrobusc,tN87F#t{7Q,6,GCM,,CM,F
10014,Rahal,Harbottle,Derwin,rderwind@webeden.co.uk,927564820,782 Mayer Avenue,rderwind,bJ7u)&?O{{,15,GVT,,VT,F
10015,Arlene,Batman,Conquest,aconqueste@thetimes.co.uk,930810523,1164 Rutledge Court,aconqueste,rK2yeOaUy,14,GDT,,DT,F
10016,Linell,Burdus,Crickmer,lcrickmerf@prlog.org,924126928,90 Packers Crossing,lcrickmerf,kQ3<lDHQ,14,GFZ,,FZ,F
10017,Galvin,Laird,Kuller,gkullerg@psu.edu,945636823,2 Jay Terrace,gkullerg,hP2Nt'7,14,GAM,,AM,M
10018,Faustina,Troctor,Arnaldi,farnaldih@fema.gov,959752426,56034 Independence Point,farnaldih,lQ3\QzC,11,GCR,,CRM,F
10019,Zollie,Eyers,Janiszewski,zjaniszewskii@squarespace.com,908953033,3161 Glendale Park,zjaniszewskii,cN2U`n5#W<,8,GCM,,CM,M
10020,Alfred,Talboy,Goddard,agoddardj@youtube.com,935269307,8052 Carioca Road,agoddardj,cI1RO(%,14,GVT,,VT,M
10021,Sloane,Sammons,Miere,smierek@i2i.jp,987164125,43 Starling Park,smierek,sH9aT,10,GDT,,DT,M
10022,Tyler,Gomersall,Ettels,tettelsl@pen.io,927194039,688 American Way,tettelsl,sH0WMx94cb,3,GFZ,,FZ,M
10023,Hubie,Barnwall,Jovanovic,hjovanovicm@simplemachines.org,938395873,8826 Swallow Center,hjovanovicm,wB2}R,16,GAM,,AM,M
10024,Gris,Lapsley,MacAne,gmacanen@aol.com,947490596,6 Steensland Court,gmacanen,rA259v,13,GCR,,CRM,M
10025,Britt,Bettinson,Corcut,bcorcuto@hubpages.com,917229734,5008 Hagan Junction,bcorcuto,nU4|qlL,11,GCM,,CM,M
10026,Sarena,Blunden,Yashnov,syashnovp@amazon.com,956670721,090 Becker Road,syashnovp,xH0?.wr,16,GVT,,VT,F
10027,Cary,Rottgers,Migheli,cmigheliq@google.com.hk,921486828,2 Bonner Hill,cmigheliq,uN2(pNii,5,GDT,,DT,M
10028,Margot,Dagon,Keenleyside,mkeenleysider@ed.gov,960318832,53869 Dayton Place,mkeenleysider,dM3\=.,9,GFZ,,FZ,F
10029,Arni,Hardin,Pavyer,apavyers@sbwire.com,977583548,3177 Oak Trail,apavyers,jS9Hr}c?,8,GAM,,AM,M
10030,Timothee,Tabourel,Mohan,tmohant@jigsy.com,921174209,36016 Rusk Junction,tmohant,wJ953jJmi>,13,GCR,,CRM,M
10031,Lorilee,Penchen,McKellar,lmckellaru@latimes.com,943254316,72 Washington Way,lmckellaru,nL7L%u<\,7,GCM,,CM,F
10032,Maddalena,Plewman,Karran,mkarranv@tuttocitta.it,901147462,29986 Melody Pass,mkarranv,qV11v,15,GVT,,VT,F
10033,Cathe,Luby,Brampton,cbramptonw@jimdo.com,910861724,60142 5th Way,cbramptonw,uB5rE,11,GDT,,DT,F
10034,Debra,Winship,Fowlie,dfowliex@timesonline.co.uk,997810564,9661 Cody Plaza,dfowliex,bH4>t,9,GFZ,,FZ,F
10035,Sloan,Rawles,Andryunin,sandryuniny@japanpost.jp,974917590,352 Linden Alley,sandryuniny,nP860Vr,5,GAM,,AM,M
10036,Christye,Heintsch,Lindbergh,clindberghz@vimeo.com,959049342,65768 Mcguire Drive,clindberghz,uE4%PJ,8,GCR,,CRM,F
10037,Rois,Nuccii,Claremont,rclaremont0@tripod.com,997560261,98 Esker Street,rclaremont0,sC6Q%S4~,6,GMK,13,MK,F
10038,Ferris,McCutheon,Bidmead,fbidmead1@surveymonkey.com,939716543,2888 Summer Ridge Junction,fbidmead1,fH5`P510H5,15,GMK,16,MK,M
10039,Leighton,Fryatt,Elegood,lelegood2@gmpg.org,959257286,119 Coolidge Crossing,lelegood2,aY8sb,6,GMK,18,MK,M
10040,Cris,Abethell,Percifull,cpercifull3@google.com.au,923090384,895 Bay Park,cpercifull3,pC7u$,5,GMK,12,MK,F
10041,Lurline,Ondrus,Button,lbutton4@ftc.gov,913901266,17 Sommers Road,lbutton4,rX9t4AS+L,14,GMK,15,MK,F
10042,Jessika,Eglaise,Gilffillan,jgilffillan5@ox.ac.uk,947977851,1566 Cardinal Alley,jgilffillan5,kT73~(q,17,GMK,15,MK,F
10043,Trev,Hoyte,Pennell,tpennell0@marriott.com,969589075,829 Doe Crossing Center,tpennell0,xO5<*D,9,EMP,,CM,M
10044,Emiline,Scarrott,Proger,eproger1@soundcloud.com,982063032,7731 Laurel Court,eproger1,sJ7\H,13,EMP,,VT,F
10045,Oswald,Yerlett,Spinney,ospinney2@globo.com,900036287,3171 Thompson Alley,ospinney2,cP0`D>,4,EMP,,FZ,M
10046,Kurtis,Ivakhnov,Bassingham,kbassingham3@ucoz.ru,927752506,6 Stone Corner Road,kbassingham3,qW60mB,6,EMP,,AM,M
10047,Francesco,Tagg,Iddons,fiddons4@t.co,964259914,70023 Jenifer Drive,fiddons4,qF6<5,11,EMP,,DT,M
10048,Sloan,Rive,Gipp,sgipp5@jigsy.com,992388193,20 Packers Alley,sgipp5,qM7c!J*,11,EMP,,CRM,M
10049,Jimmie,Colliard,Bowyer,jbowyer6@linkedin.com,901448713,4 Derek Hill,jbowyer6,xA50\|OCf,8,EMP,,CM,M
10050,Bartolemo,Elby,Noblett,bnoblett7@rediff.com,981269557,4 Eastlawn Plaza,bnoblett7,qY1`(T>`,11,EMP,,VT,M
10051,Willie,O'Reilly,Pavel,wpavel8@dell.com,958259725,29 Northview Way,wpavel8,cA85/&,1,EMP,,FZ,F
10052,Margot,Seamark,Dungey,mdungey9@com.com,989009348,73 Manitowish Crossing,mdungey9,uN9Ale,11,EMP,,AM,F
10053,Donny,Woodruff,Rentoul,drentoula@sina.com.cn,937846822,6 Dovetail Trail,drentoula,oP6.rbzLa0,7,EMP,,DT,F
10054,Sean,Reuven,Willshire,swillshireb@twitter.com,991862367,231 Debra Trail,swillshireb,cP0g@wG\,5,EMP,,CRM,F
10055,Shaylynn,Wile,Bussen,sbussenc@163.com,986888075,4237 Acker Drive,sbussenc,uT1x33,16,EMP,,CM,F
10056,Maxi,Norcliff,Clayson,mclaysond@imageshack.us,938523643,912 Debs Trail,mclaysond,kX89u,13,EMP,,VT,F
10057,Othelia,Willock,Tullett,otullette@tiny.cc,940365963,4967 Armistice Avenue,otullette,wB4{Uj<B,4,EMP,,FZ,F
10058,Lin,Fideler,Cabrer,lcabrerf@cdc.gov,950527828,301 Drewry Plaza,lcabrerf,hC0C`XgZ,12,EMP,,AM,F
10059,Celestyna,Vakhrushin,Capes,ccapesg@unc.edu,930828224,63 Stephen Crossing,ccapesg,dD6KoCgYa+,5,EMP,,DT,F
10060,Corabelle,Renouf,Styles,cstylesh@blogspot.com,963042376,1 Graedel Terrace,cstylesh,zO0R1mj,4,EMP,,CRM,F
10061,Fidole,Hofer,Hilbourne,fhilbournei@diigo.com,977165824,4 Graedel Center,fhilbournei,fH9vtE*5qK,15,EMP,,CM,M
10062,Kathye,Ollin,McEvay,kmcevayj@census.gov,948092988,0434 Brentwood Center,kmcevayj,mC7f+3?X5E,9,EMP,,VT,F
10063,Morie,Childes,Dreakin,mdreakink@canalblog.com,982336885,3608 Towne Avenue,mdreakink,pH9/Bb,10,EMP,,FZ,M
10064,Lin,Duckering,Clitheroe,lclitheroel@google.pl,952239951,960 Anthes Alley,lclitheroel,yS4AX=9RVv,16,EMP,,AM,M
10065,Holly,Priestnall,Ringsell,hringsellm@mashable.com,992451503,2837 Elka Pass,hringsellm,vR1*w9,13,EMP,,DT,F
10066,Adah,Itzcovichch,Dmych,admychn@ovh.net,955096173,30 Logan Terrace,admychn,uQ097\W,11,EMP,,CRM,F
10067,Mac,Wallbridge,Mosco,mmoscoo@multiply.com,984478101,80 Ryan Pass,mmoscoo,uS2Elj7,16,EMP,,CM,M
10068,Cherie,Barnes,Danton,cdantonp@fc2.com,974680977,3959 Scofield Lane,cdantonp,lM21O,6,EMP,,VT,F
10069,Kristine,Olczyk,Lashbrook,klashbrookq@engadget.com,993637904,2387 Mariners Cove Place,klashbrookq,mJ2DXM0,2,EMP,,FZ,F
10070,Hasheem,Dencs,Maybey,hmaybeyr@ezinearticles.com,959019112,93964 Westport Junction,hmaybeyr,uX9gy,3,EMP,,AM,M
10071,Osmond,Raith,Stangroom,ostangrooms@biglobe.ne.jp,957219946,92305 Ryan Junction,ostangrooms,tM2.X~@p,16,EMP,,DT,M
10072,Jacquelyn,Whiscard,Predohl,jpredohlt@gnu.org,999175653,83 Monterey Parkway,jpredohlt,iF8E?I7P|V,5,EMP,,CRM,F
10073,Bent,Stoeckle,Wanka,bwankau@cdc.gov,948414021,8 Rieder Plaza,bwankau,nW8h9WvI,11,EMP,,CM,M
10074,Gayla,Truswell,Boyford,gboyfordv@google.com.br,900144780,8215 Lawn Crossing,gboyfordv,eL0&Y\,7,EMP,,VT,F
10075,Dermot,Edwins,Gilding,dgildingw@google.de,946034007,9 Carioca Plaza,dgildingw,jW3!PdN,10,EMP,,FZ,M
10076,Rheta,Kirsche,Playle,rplaylex@constantcontact.com,929217680,52 Londonderry Point,rplaylex,vO8sRs6A,8,EMP,,AM,F
10077,Upton,Shearston,Orgel,uorgely@cafepress.com,939210236,16 Stone Corner Park,uorgely,kZ16|8v6P,10,EMP,,DT,M
10078,Torie,Crasford,Chifney,tchifneyz@storify.com,955348186,05245 Doe Crossing Trail,tchifneyz,vA0+I(uE,3,EMP,,CRM,F
10079,Hendrika,Dowderswell,Bisgrove,hbisgrove10@imageshack.us,986536353,59 Derek Junction,hbisgrove10,pQ1l@C?gOa,1,EMP,,CM,F
10080,Kaja,Keiley,Raff,kraff11@icio.us,939199008,36617 Golf Drive,kraff11,iX5@W6/,4,EMP,,VT,F
10081,Keenan,Jerzak,Orteu,korteu12@behance.net,907557583,17 Corscot Trail,korteu12,pR3z_O_,1,EMP,,FZ,M
10082,Clem,Bavridge,Jorg,cjorg13@miitbeian.gov.cn,971087461,79814 Carpenter Parkway,cjorg13,rB4GYksWNp,13,EMP,,AM,M
10083,Eleni,Stert,Heinl,eheinl14@typepad.com,973883972,20 Lunder Avenue,eheinl14,oG49vww},2,EMP,,DT,F
10084,Auberon,Kiffe,Lyptrit,alyptrit15@fc2.com,943929379,28 Rowland Way,alyptrit15,fZ4K3!uSHS,7,EMP,,CRM,M
10085,Egon,Ramsey,Gamblin,egamblin16@wiley.com,954320435,71801 Schurz Drive,egamblin16,dQ8JX6p,14,EMP,,CM,M
10086,Farica,O'Hear,Brawley,fbrawley17@berkeley.edu,991689988,68 Morningstar Road,fbrawley17,zY9rL03Y,11,EMP,,VT,F
10087,Star,Fransinelli,Kilgannon,skilgannon18@ovh.net,954741150,719 Evergreen Lane,skilgannon18,pP5D7d(rjP,9,EMP,,FZ,F
10088,Kendra,Maddaford,Charlon,kcharlon19@furl.net,933791531,63017 Green Parkway,kcharlon19,eX2B{O},1,EMP,,AM,F
10089,Theresita,Bilbrook,Westgarth,twestgarth1a@linkedin.com,907990752,41541 Duke Point,twestgarth1a,gK9?wXu3,14,EMP,,DT,F
10090,Horatio,Gaskall,Binnion,hbinnion1b@pbs.org,966765682,39798 1st Center,hbinnion1b,mP4yd?.<Uc,6,EMP,,CRM,M
10091,Bram,Abrashkin,Gwyllt,bgwyllt1c@washington.edu,962363966,0 Northport Road,bgwyllt1c,pK5<hbS$,10,EMP,,CM,M
10092,Vilma,Nertney,Southwell,vsouthwell1d@com.com,966493766,2 Meadow Ridge Junction,vsouthwell1d,rX6RN,8,EMP,,VT,F
10093,Law,Ing,Garie,lgarie0@hc360.com,923000355,18444 Rowland Road,lgarie0,hX5Hr,1,EMP,19,MK,M
10094,Binny,Truitt,Danigel,bdanigel1@tinypic.com,979280198,7 Loomis Crossing,bdanigel1,dP30ZiQ\Il,12,EMP,14,MK,F
10095,Chloris,Kira,Kenafaque,ckenafaque2@accuweather.com,999990268,6897 Chinook Junction,ckenafaque2,aY8k8igi@>,2,EMP,11,MK,F
10096,Patty,Halewood,Paskin,ppaskin3@mediafire.com,958754198,3957 Banding Center,ppaskin3,dW2tZ#_U3),2,EMP,16,MK,M
10097,Vidovic,Warsap,Dregan,vdregan4@a8.net,967982180,90793 Sachtjen Pass,vdregan4,oR40obi#,10,EMP,18,MK,M
10098,Jamey,Colum,Kidner,jkidner5@comsenz.com,909291980,2 Fair Oaks Road,jkidner5,fE0GD)Y_2,14,EMP,15,MK,M
10099,Jere,Yurchishin,Lindwall,jlindwall6@domainmarket.com,989529918,82 Miller Crossing,jlindwall6qP9,<mv=,13,EMP,16,MK,M
10100,Tate,Priddle,Betancourt,tbetancourt7@google.com.hk,926684628,04096 Green Ridge Hill,tbetancourt7,kF52d{jWCL,7,EMP,12,MK,M
10101,Pollyanna,O' Hern,Bainbrigge,pbainbrigge8@java.com,921350572,1696 Green Center,pbainbrigge8,eG4ZE.)}y,1,EMP,10,MK,F
10102,Mabel,Batrick,Kenealy,mkenealy9@ca.gov,940344330,060 Prentice Alley,mkenealy9,vR2#g!4,8,EMP,19,MK,F
1001,María,Gonzales, Ramírez, pilar.gonzales@gmail.com, 989962135,Av. Los Laureles 102,pilargr, pilargr,5,GCM,,CM,F
1002,Juan,Quispe,Villaverde,juan.quispe@gmail.com, 997962135,Jr. Los Cedros 425,juanq, juanq,1,GVT,,VT,M
1003,Camila,Hidalgo, Laureano, camila.hidalgo@gmail.com,949962135,Calle Las Flores 748,camilah, camilah,2,GDT,,DT,F
1004,Steven,Gutierrez, Calderon,steven.gutierrez@gmail.com,939962135,Av. Los Pinos 1021,steveng, steveng,3,GFZ,,FZ,M
1005,Ariana,Del Rio, Rojas, ariana.delrio@gmail.com,929962135,Jr. Las Rosas 1022,ariand,ariand,4,GMK,10,MK,F
1006,Manuel,Ramirez,Herberth,manuel.ramirez@gmail.com,919962135,Calle Los Álamos 1082,manuelr,manuelr,5,GAM,,AM,M
1007,Sandra,Calderon, Sosaya, sandra.calderon@gmail.com,990962135,Av. Las Acacias 2102,sandrac,sandrac,6,GCR,,CRM,F
1008,Brittney,Leyland,Filipic,bfilipic7@livejournal.com,976395162,14544 Troy Park,bfilipic7,yS5M&|{pqz,3,CLI,,,F
1009,Erasmus,Walkingshaw,Vennart,evennart8@adobe.com,945992616,90 Arapahoe Plaza,evennart8,qM9xv_,14,CLI,,,M
1010,Nicolina,Espley,Hylton,nhylton9@wordpress.org,946954270,52 Grim Junction,nhylton9,zE3'wo@k,6,CLI,,,F
1011,Betteanne,Forman,Barthram,bbarthrama@nbcnews.com,941492474,633 Summerview Place,bbarthrama,mV1FvbM,5,CLI,,,F
1012,Valentino,Leavens,Jerosch,vjeroschb@blogtalkradio.com,911181184,86 Mandrake Plaza,vjeroschb,bH6mI,1,CLI,,,M
1013,Welbie,Lulham,Stowe,wstowec@ebay.co.uk,973149421,1288 Merrick Place,wstowec,dB4jcDZ\zd,5,CLI,,,M
1014,Maribel,Ranscombe,Petigrew,mpetigrewd@bbc.co.uk,936825696,7640 Algoma Lane,mpetigrewd,eE3~b,10,CLI,,,F
1015,Zorine,Gillingham,Laverty,zlavertye@posterous.com,965971362,143 Starling Junction,zlavertye,gO9xo$,4,CLI,,,F
1016,Dannie,Bray,Confait,dconfaitf@globo.com,959312589,70 Warbler Hill,dconfaitf,hY2H~JG,1,CLI,,,M
1017,Gael,Kupis,Malby,gmalbyg@studiopress.com,928234654,96137 Mifflin Road,gmalbyg,uU2}Dt\_,4,CLI,,,M
1018,Jourdain,Gosneye,Akroyd,jakroydh@yellowpages.com,906027366,49573 Florence Park,jakroydh,aZ9Cbg%{+,3,CLI,,,M
1019,Levey,Bernard,Ditchburn,lditchburni@com.com,960635993,30205 Maple Wood Plaza,lditchburni,dG42jF,17,CLI,,,M
1020,Ario,Sebring,Dunks,adunksj@unc.edu,950565029,56 Maywood Place,adunksj,sJ2o`yT5B,2,CLI,,,M
1021,Elfie,Gilford,McGannon,emcgannonk@ucla.edu,932170987,62722 Monica Court,emcgannonk,pB4wxr?M,16,CLI,,,F
1022,Rudd,Beckingham,Eisikovitsh,reisikovitshl@wufoo.com,953166105,0689 American Crossing,reisikovitshl,iC34aX,13,CLI,,,M
1023,Renault,Tremouille,Otter,rotterm@huffingtonpost.com,980039726,2 Farwell Trail,rotterm,jT3hGSk,15,CLI,,,M
1024,Grannie,Whitney,Kinnin,gkinninn@t.co,997122321,62901 Burrows Road,gkinninn,nX8+7,14,CLI,,,M
1025,Melli,Pritchett,Karolowski,mkarolowskio@paypal.com,984774876,595 Roth Park,mkarolowskio,vK70n8%N!d,15,CLI,,,F
1026,Brit,Pendered,Morde,bmordep@princeton.edu,911856386,467 Londonderry Point,bmordep,pI4y()Zy&v,3,CLI,,,M
1027,Ashly,Scotchforth,Bury,aburyq@bloomberg.com,996680461,84899 Heath Park,aburyq,qH0oI&o,2,CLI,,,F
1028,Kendell,Battram,Rival,krivalr@cafepress.com,950780425,78266 Briar Crest Center,krivalr,dG06a'p,13,CLI,,,M
1029,Blondie,Lantiffe,Helliker,bhellikers@geocities.jp,910841982,8457 Basil Street,bhellikers,uT0p!YN7,6,CLI,,,F
1030,Roanne,Tefft,Rotte,rrottet@cocolog-nifty.com,972903131,7 Grim Parkway,rrottet,pP316,2,CLI,,,F
1031,Anderea,Charville,Djorvic,adjorvicu@ameblo.jp,930896592,984 Walton Trail,adjorvicu,zX8A$,11,CLI,,,F
1032,Grantham,Stelfox,Bahia,gbahiav@storify.com,969792531,3 Magdeline Point,gbahiav,uZ0ES,9,CLI,,,M
1033,Mohandas,Giroldi,Salvadori,msalvadoriw@answers.com,925406568,87282 Stephen Court,msalvadoriw,fU0>I~/bci,14,CLI,,,M
1034,Alexi,Van de Vlies,Hewell,ahewellx@eventbrite.com,949167468,868 Grover Lane,ahewellx,xI95Zt,13,CLI,,,F
1035,Drusilla,Anning,Belfield,dbelfieldy@amazon.de,901160864,80 Esker Park,dbelfieldy,tZ9kY,12,CLI,,,F
1036,Milo,McCaig,Grievson,mgrievsonz@naver.com,913641463,80505 Meadow Ridge Parkway,mgrievsonz,sJ1@LSd,6,CLI,,,M
1037,Sylvester,O'Dreain,Ciciari,sciciari10@dion.ne.jp,932057979,45257 Fulton Terrace,sciciari10,qX8+=}&,6,CLI,,,M
1038,Gavin,Belderfield,Pietranek,gpietranek11@amazon.de,922775503,3622 Crescent Oaks Terrace,gpietranek11,xO9&ng#f,8,CLI,,,M
1039,Bronnie,Jasiak,Waber,bwaber12@dropbox.com,927003451,66511 Hudson Crossing,bwaber12,dZ30S#y',12,CLI,,,M
1040,Thebault,Craythorne,Vakhrushin,tvakhrushin13@aol.com,907355039,393 Thompson Street,tvakhrushin13,bY0&pE,9,CLI,,,M
1041,Tymothy,Kenner,Lowen,tlowen14@disqus.com,902785582,742 Homewood Crossing,tlowen14,hI2r$WtYE,4,CLI,,,M
1042,Veronica,Dungey,Spottiswoode,vspottiswoode15@cnbc.com,988160541,5917 Gina Terrace,vspottiswoode15,zZ5@3v,10,CLI,,,F
1043,Malchy,Forseith,Allanson,mallanson16@slashdot.org,972877599,6 Talisman Lane,mallanson16,nO95D,7,CLI,,,M
1044,Sophie,Kolakowski,McCaughey,smccaughey17@furl.net,928573224,00 Gateway Plaza,smccaughey17,qQ54SPiCx,2,CLI,,,F
1045,Jarrad,Behnecken,Scotney,jscotney18@deviantart.com,958400506,26 Kings Center,jscotney18,iG46Gk,2,CLI,,,M
1046,Marleah,MacRorie,Ferrao,mferrao19@slate.com,927321060,9166 Ronald Regan Court,mferrao19,oG29GP,5,CLI,,,F
1047,Garnette,Rewbottom,Derry,gderry1a@quantcast.com,951864436,05 South Hill,gderry1a,sJ46~wtL/,12,CLI,,,F
1048,Dorian,Forrester,Jan,djan1b@goo.ne.jp,916825886,3 Sundown Alley,djan1b,mH7$Zf{ZE,10,CLI,,,M
1049,Babb,Ajam,Alves,balves1c@psu.edu,976985402,00 Morning Junction,balves1c,oJ43BWC>,3,CLI,,,F
1050,Nichol,Bennough,Piggins,npiggins1d@naver.com,913642600,99204 Ridgeview Way,npiggins1d,sJ9q?,2,CLI,,,F
1051,Erl,Allingham,Eglese,eeglese0@altervista.org,944470269,3 Kedzie Park,eeglese0,nM0$q9?,3,CLI,,,M
1052,Lindsay,Yashunin,Hynd,lhynd1@uol.com.br,958828358,16 Karstens Trail,lhynd1,qD0ads,6,CLI,,,F
1053,Cesare,Winnett,Stillman,cstillman2@pcworld.com,942414917,349 Westridge Point,cstillman2,jI5!cV@y}5,2,CLI,,,M
1054,Laney,Coning,Le Blanc,lleblanc3@pen.io,935981646,87 Corben Pass,lleblanc3,bE1/}7J,5,CLI,,,F
1055,Marleah,Simond,Pippard,mpippard4@godaddy.com,998962707,8 Mallard Park,mpippard4,xS2TXbn,17,CLI,,,F
1056,Cody,Hartop,Roadknight,croadknight5@sohu.com,946638499,775 Lake View Way,croadknight5,xK6D'tLq.s,12,CLI,,,F
1057,Shirley,Coldridge,Haquin,shaquin6@oracle.com,957242958,2 Rowland Drive,shaquin6x,R716P,7,CLI,,,F
